{"document_type":"753I","file_format":"TEMPLATE","document_key":"","encrypted_key":""},
{"document_type":"753O","file_format":"TEMPLATE","document_key":"","encrypted_key":""},
{"document_type":"754I","file_format":"TEMPLATE","document_key":"","encrypted_key":""},
{"document_type":"754O","file_format":"TEMPLATE","document_key":"","encrypted_key":""},
{"document_type":"810I","file_format":"TEMPLATE","document_key":"","encrypted_key":""},
{"document_type":"810O","file_format":"TEMPLATE","document_key":"","encrypted_key":""},
{"document_type":"820I","file_format":"TEMPLATE","document_key":"","encrypted_key":""},
{"document_type":"820O","file_format":"TEMPLATE","document_key":"","encrypted_key":""},
{"document_type":"830I","file_format":"TEMPLATE","document_key":"","encrypted_key":""},
{"document_type":"830O","file_format":"TEMPLATE","document_key":"","encrypted_key":""},
{"document_type":"846I","file_format":"TEMPLATE","document_key":"","encrypted_key":""},
{"document_type":"846O","file_format":"TEMPLATE","document_key":"","encrypted_key":""},
{"document_type":"850I","file_format":"TEMPLATE","document_key":"","encrypted_key":""},
{"document_type":"850O","file_format":"TEMPLATE","document_key":"","encrypted_key":""},
{"document_type":"855I","file_format":"TEMPLATE","document_key":"","encrypted_key":""},
{"document_type":"855O","file_format":"TEMPLATE","document_key":"","encrypted_key":""},
{"document_type":"856I","file_format":"TEMPLATE","document_key":"","encrypted_key":""},
{"document_type":"856O","file_format":"TEMPLATE","document_key":"","encrypted_key":""},
{"document_type":"860I","file_format":"TEMPLATE","document_key":"","encrypted_key":""},
{"document_type":"860O","file_format":"TEMPLATE","document_key":"","encrypted_key":""},
{"document_type":"862I","file_format":"TEMPLATE","document_key":"","encrypted_key":""},
{"document_type":"862O","file_format":"TEMPLATE","document_key":"","encrypted_key":""},
{"document_type":"865I","file_format":"TEMPLATE","document_key":"","encrypted_key":""},
{"document_type":"865O","file_format":"TEMPLATE","document_key":"","encrypted_key":""},
{"document_type":"870I","file_format":"TEMPLATE","document_key":"","encrypted_key":""},
{"document_type":"870O","file_format":"TEMPLATE","document_key":"","encrypted_key":""},
{"document_type":"940I","file_format":"TEMPLATE","document_key":"","encrypted_key":""},
{"document_type":"940O","file_format":"TEMPLATE","document_key":"","encrypted_key":""},
{"document_type":"944I","file_format":"TEMPLATE","document_key":"","encrypted_key":""},
{"document_type":"944O","file_format":"TEMPLATE","document_key":"","encrypted_key":""},
{"document_type":"943I","file_format":"TEMPLATE","document_key":"","encrypted_key":""},
{"document_type":"943I","file_format":"TEMPLATE","document_key":"","encrypted_key":""},
{"document_type":"945I","file_format":"TEMPLATE","document_key":"","encrypted_key":""},
{"document_type":"945I","file_format":"TEMPLATE","document_key":"","encrypted_key":""},
