[

{"document_type":"753I","file_format":"SPS_RSX_XML","document_key":"fca4ecc9-3b15-4cad-b5a5-c330369d4f09","encrypted_key":"O0fQoU7UYPfDgwiU1HLy+bD304gjhXYgEE3yXue+vpCKpNpbrHB4/W1yVvZVAdJr/PmkkghWAmjTcXZVCWzP9Xef08OKGO+k+I8rqGx/MTtKSRpQnHoxbLLmhxYYNro0"},
{"document_type":"753O","file_format":"SPS_RSX_XML","document_key":"d462ccf7-d7ee-48b6-9452-530c49ba7774","encrypted_key":"+mK3E9fR/04drJVVV1H8YiAWTigWyXvCvZ3FVserfRTMQT97SxHhjVgwkWZqDdv3AwooMR1RzvVgFe8xnVMPAksWHzbZb+/WzLMHYp054sdAf2JhfvosvUsyU2QVEch0"},
{"document_type":"754I","file_format":"SPS_RSX_XML","document_key":"88e1beac-1acf-44ea-8d89-125a62abe8ae","encrypted_key":"WXi3pDXMxgTF5xjpwURosoM66o+9vuuXRMWYCwlU+UzXBYUwQwTp4c6KMETw9iU3lIwa9jed9/xRsIqdPYOW4Oqrs5plYMAsuR7GPNW4NhCznOFwnDX33h38MSx04dIE"},
{"document_type":"754O","file_format":"SPS_RSX_XML","document_key":"5e1bd091-45e1-4ce5-ba75-c361baa332d6","encrypted_key":"2nqM1OUvirEnfxeb+H6fxg7At4juBnJCMCiZBvYb2FTjwl3W73HOj/kd2mYwwFMS9dXGfxSIloWskTu1f02LkKujrO55ylQKbQKR/mwJbCTjMtkOLCA7JzDuprNnEWtY"},
{"document_type":"810I","file_format":"SPS_RSX_XML","document_key":"a80991b8-811c-4d9f-85dc-31eff66986e4","encrypted_key":"zaAu5GAelg+9Av3Lo1dtan5p6TpRfBsx3Iwk6VaM9kcw7jgae1v0zr+2GyxmRrbGWKgEfX8juRxiP9QVGx5mRqztHmX0uEpXT+/413SFnuMMI7oiEotnwk81MQC/4jvR"},
{"document_type":"810O","file_format":"SPS_RSX_XML","document_key":"0b6d80ee-0fd4-4d38-8209-9eb8b6bb0cdf","encrypted_key":"2J4G9r6HbHzGJo+gr2OjFihrYbXNHz61S9Etd8U6S7zp7OyCC1brCZhIVspyU5u40o9aSMQzUdJKjydHQptWpcjrnPGxyq36aeumAfZtEGVgfd4Tji4yyZOW2+EN8l3e"},
{"document_type":"820I","file_format":"SPS_RSX_XML","document_key":"3bee2656-7774-4e69-8f90-539b07a68a08","encrypted_key":"h4QPLbWIa47AXd51Bhmqb9ZweDATS3WVAqN9rzcSjQSm+fpA7mi17L0daefnwISj9P9sNpw138azf9RExiGJ4/VS1zZIe4+hrliiMPH6D6oTeboxjH0D0lPFyTrc0j2N"},
{"document_type":"820O","file_format":"SPS_RSX_XML","document_key":"a36ae31a-e625-4aea-be4b-b11bfcdfa5b3","encrypted_key":"FiVarn6QhmhN3V7OhEcwmdJy9UGwJBpStSq8O6U9Qk7e/WYnRCJVZF6uJtBmKNsKBhXxcDnmN1XidIxi3DUQ/PUL74rWYYb+VvIi+DRJGFxzxy784a/Z0KLbbrQFq3hi"},
{"document_type":"830I","file_format":"SPS_RSX_XML","document_key":"b209b3ca-d421-4e45-8d9c-752b9b1c71df","encrypted_key":"nyVQnUnfroRlwQlw06cHQAPUzn4R0lgmwGthxiCmdRx9giJGkEx50vjkdrZlSagxDUn0FMk2IAYJsFvaXjriWKOLG+D3XFTdZltVKiVaLRbiQ6uwRkwkX3oaOJmSy5Py"},
{"document_type":"830O","file_format":"SPS_RSX_XML","document_key":"be87dba5-e9c5-488b-91c3-b94c537242ff","encrypted_key":"e6Zp84h8psbrDUMKNRxyM7qLQJ7N44DjTqpnWBkoWNIkMSp8f/aQSKYpcAQbyXmqMe29CqwTlScF+ipO6bzVhtPp3Trxv4/2tRs4ETF9zqDo7u4u8OOHaUE8ICnB144S"},
{"document_type":"846I","file_format":"SPS_RSX_XML","document_key":"8f43662b-03bd-4a8b-b4fa-9ec11ca73c25","encrypted_key":"ktP5z+Q91saJvjYaTBbNvC+ynuBzyKlE3Z4P32JKVtMlN2SoRspmeaT1HvT+0rBFQLnEXJTdfFz5d70I0ReXXhQzmD/E38ZJVr1DtnjUM4n4BpC5t82+r+SyJrEhJ6kk"},
{"document_type":"846O","file_format":"SPS_RSX_XML","document_key":"7d6edaa5-a728-409f-9a7a-c4271b7d8169","encrypted_key":"ryBhgtXqzq7XwzJhJVH5MxTYmdhxRJ1kUytpSps2A9Dr3yKT9y4ZZmpMxt1DInTjxYFKmCHfk92iRRTy65fP2nm3jwpWJIpRDhH2gHErKLvKjfT7bcx8gbRGoieduhzA"},
{"document_type":"850I","file_format":"SPS_RSX_XML","document_key":"081FDAE9-450B-479C-BC8F-DD589228C23B","encrypted_key":"Q2ocZAcg7DCivFnyUhW8jTjYJHINbYE/rBBaOL078OrQ0sz744p2ggu150D+bOAFzsWgfhvmm9zXVAqeCAMpd+qhsuLPET3QezBo9CSeSvrj4oRHotkTGV9l0nOAtKJ/"},
{"document_type":"850O","file_format":"SPS_RSX_XML","document_key":"b7bf32ac-a0d2-4fd2-aa2d-573291dbb67c","encrypted_key":"fBuJD/oezfVJhhIu3BK32YQWtQFt86Ab5/7Wc3Oghx6625DGmDP4jh0/VyQbh4LVq6KSsg1bTxGOeZZjMZpOVBKwKidDOjmmMAcsKAc12V+9zxCQe5XPDxC4m794Jzvy"},
{"document_type":"855I","file_format":"SPS_RSX_XML","document_key":"56e78d1a-977c-4809-bf39-106f51d59787","encrypted_key":"1F+FO5DzIVC5LHduqFPJmRyGPzUGGPmVaZ+cmK4FAbyK0TCBGmVQ3tTOsY2ByQR643uYj46U76MSJXP7iLQBvhysMD2nSdI50wDl4sPoJmk7RnnCOuRbdK7qV8N7iDQM"},
{"document_type":"855O","file_format":"SPS_RSX_XML","document_key":"000b9c0f-2e87-4d42-bc04-758f1dec0f72","encrypted_key":"ESoyQLIVjDIE7aWRG4bx3a61SZ/6U0xty7ondMMY/nafjy9R+mnEiZVrrF0NDkK/5Baakrb/zsxJbzqeDbkvKa+hLSotB6mp9kntBYrCbYiK4FaxO8k7YyeRk+QMoXRR"},
{"document_type":"856I","file_format":"SPS_RSX_XML","document_key":"93725c83-1bb5-48e3-807c-0cbfc551097d","encrypted_key":"3RhKPJblG9mcHOvhS815YBbw7i6mEMIiUWmGr3MDn2hs9LjMbllxNVNIl3NosM2X9GLaKQZeGNzShkIl/znjLi/V16Mot0vwQMZvpLfvGnjbZy8segZkZINhpQW3zAjP"},
{"document_type":"856O","file_format":"SPS_RSX_XML","document_key":"c3d87c5b-d334-4a31-b048-32511b502c4c","encrypted_key":"TIZrPXkdjw70Da6Ogy8hVlYjvaamjpkr6Fw/HZ9o2U8/XeM2HGYkc7ToWZGcq6tEL6Jnm+a84gwRyKa+Y5v01tQAVyZgIlttL3GQ2ndzg8krihU5ij/xtuGciCCE1wpB"},
{"document_type":"860I","file_format":"SPS_RSX_XML","document_key":"abd860f3-3861-48f1-aa0b-3cfcb0792ce6","encrypted_key":"IKDDvLAbYiUQbQL1guhiPsoDzO1NoVbnN2BA2siOBOMZulifnDZDJ2AH1853C55ctD0x1eH674yMy40qKg2bLeskluwdS4H5oewWCdKKP2Kvx8l5t0KXdsHu0dyoQ3YI"},
{"document_type":"860O","file_format":"SPS_RSX_XML","document_key":"e6c6c96c-64ee-4c52-b704-2e8a77978279","encrypted_key":"4LoqGNA22GNFqzH0WDIpjMNJ5C10KSimTI+DsH5oVCOLdDDZ7/8x/tjJqATxOUOzqITo1RP9CMHRfdg58tqQBu1i/+EmVoIgvBONvDCwAYHILchHLjs0ZHoVtyYtJ8if"},
{"document_type":"862I","file_format":"SPS_RSX_XML","document_key":"415ff58e-29c5-4926-8138-0cd15926a641","encrypted_key":"IvmeGD3ClTfnR31ga2MCCi5PrxNjfO1es9y1o0Ljzza2WmeVUDLZLp29y4MK7COYNtyNuqUPWMZF2IX5O329jD2jImRSfZcwZGSBKjc0mMxHAg3YoNLCcE7/E97JzGS9"},
{"document_type":"862O","file_format":"SPS_RSX_XML","document_key":"92ed626a-33eb-46bd-bcc6-f1e347fd683d","encrypted_key":"siUfMlGSal8RzZ9KlzqLknN2vKACVVJtQRDTuwWi2Aee3768SLb8gNrxX1hJFDoCoFIFyOVyaHKKLg+avXVCNjX56sVxxRTS7/FBH4k3B7kDBYMLWVNqxFWcnr90Ozo2"},
{"document_type":"865I","file_format":"SPS_RSX_XML","document_key":"afca1d1c-b3a7-4d34-93a2-9f6b7d256c5a","encrypted_key":"KiAp64JcKz9Q+VDy3or42pGLcst2toW0c+ImBKO6Sqg/ROhLZmAi6ejq9rqFmN7ZIKvqWqWp8uME1CVdIo+Z/3Bba1nCiN2iZ7LRhUQFwvrPN8Y6an8IkUO1hLaKfSEz"},
{"document_type":"865O","file_format":"SPS_RSX_XML","document_key":"aebb9918-e0c5-4de7-9e3a-8ada421192be","encrypted_key":"fs2LP1HTCYZb6qB1zzIGLmPXFEbMafqfA6PmRafrSqL4twHfE8erxwWIuA+pfi+eVC6Dc8SEtzm5U29drSdZkfL8lCOollxHtNWjCgcJiu3DlaSDBOMQDWTvRGswBBCO"},
{"document_type":"870I","file_format":"SPS_RSX_XML","document_key":"c0136dd2-42f7-4674-874d-75dea524ddba","encrypted_key":"5jZAkLeZDUXWr0TQvlwm84EmnMOqzde1i8YAPEjt16giUdQ8PO2ECUGqivMUIWhNiqCbrmSrKojvkVMSXWxZLw3pNLa1+sFLHheMUKv6wbKEisQ8HFjIBG9+atLjAkab"},
{"document_type":"870O","file_format":"SPS_RSX_XML","document_key":"e7d9e4d7-3d81-4815-af3e-b2224f3089d0","encrypted_key":"89r+nHMI8PVjFxF1LvKd6thdP/PDHTTPnbyndgucOjWlz+hBydsFcQV0Ng3c60GLPokcj3ve7o+cvGE2ffajAEXdhHzS/GzKnQHp5FjwQNe3NBhQcCBm4Bwm62xVJnZr"},
{"document_type":"940I","file_format":"SPS_RSX_XML","document_key":"4f91ba82-dfdc-40e0-9f73-332aead0c413","encrypted_key":"sth1bCkFQrdseEpXaWOZ7EGpjOL6pfXAEAj8HAwibUXVZfa+XC4KnMzeFa61pZtAgezg/d9RtsiJDmRgMObvTbInFVmvEXOd5fYsrmnAdWOVo2h/b6cqY5w9W5CQJSiV"},
{"document_type":"940O","file_format":"SPS_RSX_XML","document_key":"89af76eb-3fa4-46ad-b6da-a8861a163add","encrypted_key":"R0iViE1t9oBut4r17BTtRVPSLtTx1d2hIsNymeOlsxs9FKo6RZ8PgMPMHK7fVNXRzUiX8j9bxBWxjcB8AMkVQAVQFxheJs/fZ5k76JTQd9879ktsrGgtz4D8fBgIkSoA"},
{"document_type":"943I","file_format":"SPS_RSX_XML","document_key":"52d66dc5-81f7-4a3d-9471-b3cfafa7d823","encrypted_key":"PhbBaR3ObBafnaKKPNSrnN7ernaZLu15vBqkPEnhZhua9yyDTXSjGqoDVkWxhknhmZOLzLZXPPpdO9IiOhfHzh6MpanqDR8pGoBw7pu/96/4mMRCEurq0bZbP2UJua3K"},
{"document_type":"943O","file_format":"SPS_RSX_XML","document_key":"2c654a14-63f7-4c0c-80db-aa24fca80c37","encrypted_key":"PU3eIYw66f0k/m7OHCU7/33Dsrt6QpuujWe/mUcB82zC1kuFQmyTdRUYSVBycjh3l3Yq3nWEKCvi8vtxCETGeqeCRjepBtRTdGXJpLbkiCgRlqMP3xvqQ30xebCtWIGz"},
{"document_type":"944I","file_format":"SPS_RSX_XML","document_key":"bc26f96f-dadd-45fa-8381-d1589d40440c","encrypted_key":"l+nfbiceX4lVidt+wMiwK99Viv3lT2EZgyojCgDSwPV9OA4fR5MQhXlbgCl/zpyZ6HVZgJF36lspwzJeoHefgcqQzUUKBeMSA4PpKdiwiQ8HlN6T0PvTmdHlOQpZixQX"},
{"document_type":"944O","file_format":"SPS_RSX_XML","document_key":"295ef5d8-5a05-4acd-af83-78b9cc4bd0ed","encrypted_key":"8tevWYPSqM8UdS4YrEtIOxgP2GHXjDlcMY8AtWu2taSP1ZFptW4qiBZMp27bwYcW2mBHCp8s/UdYRrw6h8fnpmImceWau6CEZVSlx4Io8JOyczUrF2kTPr8+2sXSpS6v"},
{"document_type":"945I","file_format":"SPS_RSX_XML","document_key":"3ee38b1b-e7d0-4c53-bc24-c0ddddbef79f","encrypted_key":"tx/hG7i0NTZODMsvdKNmrvANeK1zjViuIBOnF2lIHQaeelKPuEVv6tXo17GdHXlDGsrb2BrOvISrDxTTeGNFYpR0IVV4oWR27NjnjdH7NITHne31+DN5QOtnL2Za2rlh"},
{"document_type":"945O","file_format":"SPS_RSX_XML","document_key":"d9fe7853-156d-4fb8-a974-ba94f623f531","encrypted_key":"ZchcuKjB/rTXU54GkVsXKcRM4ZwTTO4BlWYV2Na7OnjUF+9yWwcJl5D8Y8U7qGS5ZhDZijJOIcZyTwakop/YtQz1iCerZp1P1O7SRhWFY2fRVZ5vwCfTUe2BHlGvu1ET"},
{"document_type":"753I","file_format":"X12","document_key":"6f1fa50e-e25c-45ca-b0a0-bb8223646636","encrypted_key":"0ZmfKLnnPpyv1stj3K/GL0E0QeowqFoQQOYB4dswVV42hFL+YegUlcsUu+EDLsMbSL1bfaD/kRFx5AAd0U6umOdv092p29T6PPzoHb81KKEjvecb2K9Yl1/wzRT8634a"},
{"document_type":"753O","file_format":"X12","document_key":"8e562337-2b9c-4825-9e34-ff41dff82f65","encrypted_key":"hSEKS9S8UGBLBavW9HKIRV1J4JCNuXZNTeaqtyCwW9gr+yms+oKe11yggKe6W0Scpz53gU30M2rhl6uEszoae3JlN4BBb3sStIyqTV/pSY/kx2AYtuttgrYl3kI1ZR7c"},
{"document_type":"754I","file_format":"X12","document_key":"277b94b1-e2cf-45fb-b575-578e51cfad2d","encrypted_key":"9bi1xL17XySKDEWyloz2iTALkzK0yhn/WuNOA6REpZPfmcNArb8yLSOmOYfPrC1MMX+86NeDxiKT14NdD7jpkMYy3vHFmMsY3WVQOrigMZjO3yytuJAGOHeZVwQnF440"},
{"document_type":"754O","file_format":"X12","document_key":"c53e9746-78a4-42bb-a0a0-34b6b2dc1eda","encrypted_key":"pWuNoZfUqsmnHX9tzazOKUf+DpeGnFe00rKlAITnJ39Iayo6JmmaubZiNRHfjMNMfK6fUQ3uZtcu3afWJOh5Fn9mq/wNL7u8zd80mmiMy2KL7d+pxJ+PgQfMd0rDBdBS"},
{"document_type":"810I","file_format":"X12","document_key":"011611bb-a5dc-4d1e-a436-0bd7d5bea27f","encrypted_key":"gR9dNeYwfl7fiMY30mOGGCfxvFKKv6Gdd78qRuvpXpDD1c8SCei1N5wEYcNJl10b99xU1to7cl4kINXPoKFPqPTNVjm4AvfRPevmf8bMUWC8uyTxZy88wnZoa3YNJ0nj"},
{"document_type":"810O","file_format":"X12","document_key":"eab4d487-c033-4a32-b809-f61c600f9e3b","encrypted_key":"XJJJA/RUVyH71OXcarcJySHCHNd89taWHpRjKuLZMeX9E++ZfcluUTBf2YzJsTaKfiVtBqY2PBvFIUb3vS9+67Q7AHDwBo8WJsawrDlqDkEqOHfQwcw5ItQqQSaJTOVC"},
{"document_type":"820I","file_format":"X12","document_key":"db0acfea-0c2d-4134-a7d5-bc659abe1a34","encrypted_key":"KMr/bxmeAXS7wPLhzaWLM2KA7gNrZxVUg0TC7GnXBhxCxvuLVgFd9wImhzVrSSDpN7CnaZviNXAxE9Mi5kszyFjba2zfy2t6IY6+6jCvnpTowD2I7gVwWkJV+lsJLS1l"},
{"document_type":"820O","file_format":"X12","document_key":"92aa65e8-8a89-4734-84fa-a5ae18101e17","encrypted_key":"8d/6iCki/VZUvjVC0h2Gk4XOsVu+LzQuWDP3PK2oNR7zb3q/sBAnjhODZ0B2K/1mb2vtJgIQNJRer+v3bWW9TlJTxQSBQuWvBqnrtSpzuLCuWx3wn5N+p+TgfPnoaXrz"},
{"document_type":"830I","file_format":"X12","document_key":"14430fdc-78a8-407e-b3b4-529e316e602c","encrypted_key":"YeduyZP4B9T54FxS4A5wZr9G9A7g9/ayoVF1jEi/kkrJT8UP8Ef4dhtqjJr4RyX/H2U2SsZy05PtYLZSt2PVR4IXnQqbppcBlBuIfOZ4RDD0O9eoESCo44acvBJAmn2V"},
{"document_type":"830O","file_format":"X12","document_key":"f952e3aa-d423-4883-8869-4466b1fab188","encrypted_key":"QRiU+VrbXY2x+Ebwf+YyAtgTdyvUKo48qPLN+8WOCuBNFve8entjWKpjDPhIinRTUNwnSY20KuqFjhczRspG0B93/fUSFFuxyA3LQr3fe1sZjy1vFHKtYZYOx83dshrM"},
{"document_type":"846I","file_format":"X12","document_key":"65d192a3-0b06-4bde-a805-0285721f259e","encrypted_key":"oM4E0lcplrWNvrS7RjM7Plocw6qSiVtEzR3NA0K7LNNrqkNQA/WFLOxW9DmfSQ6YDdE6se55q75t6sf1ETIWVWNvyfdM+VD5CPJBQvHk98m9YTlIiTSCLTG1cO2wQO7g"},
{"document_type":"846O","file_format":"X12","document_key":"83e116b7-996b-4521-8379-a7c8b0145379","encrypted_key":"LIvRrTQ76KbDwzBHLNc72CHJii/MQBpeRMSTMv39YUAnJY+Du7EoDknlbXsLS59beARS0axKoFnXKuB7fpw4JKTKP0KbLY6ndZwmJZXa5qfZgtNjk4KDls8+SDt2nyba"},
{"document_type":"850I","file_format":"X12","document_key":"1eef0182-c737-4aaf-b7d6-5df77eb6764c","encrypted_key":"It6PndQlLpCcWcRlA27sXsQgl4dVFBtNlZq5sLYVe+DnwWC0qORAsuBSeHWTWC1rIGB2RPadK1eJWMfxrH6CcC2PAqtqoJov0hsITkAPyuv4mt68aUCDZABRDEI/r0e6"},
{"document_type":"850O","file_format":"X12","document_key":"e857b6c6-ce87-4737-8ce4-b18014a223a4","encrypted_key":"RXNWgqBJuAuVKjjgSkMXQJYD89EPOR1CTp/4PG/LgMoTYk1XFn0OWbDjJtGtryp3j7wQfCSycsl7yYTEfgUFSbmbi5QWKiWvjsZNaO4PF6Dv6IeQaYoRLhZV1jly9zQQ"},
{"document_type":"855I","file_format":"X12","document_key":"3c72a251-3685-4b94-b916-122fdec560aa","encrypted_key":"gw3LciOz9xrTSN/AYwYkJUBj1XN9lkJVFBC7OhlWNLPb5mjIbp/cMEK4pFytSgUAR+ZTom45rhZx+Dvxhj8EC79l3D1xAH3KnQeSVV0SduXqXwIADPkfINVBb1lO514C"},
{"document_type":"855O","file_format":"X12","document_key":"c1afde94-8950-40d4-9895-9f1191e3933e","encrypted_key":"a7vHYenk7ZqJ/hZR1e6I+ooW9TQPxTzGkHU7znS7h+AtxRdLJtGkQRGfbU/jrgzA3myIlkNViSabBL0jBX4k4/Bk643/VanxCSEVrjLYIJdSoGQ2yuqFwi42J1f3B0fB"},
{"document_type":"856I","file_format":"X12","document_key":"40c6d61b-eb9a-4e02-9f34-e2807c77c4ea","encrypted_key":"PknQHE4nBSRSmSoHyHTfpbNoxjzjzl4R25pKvgFDNgBZX6sqSd3kjjXSgmFu9ihYLklbTaTXcZ7QMjLIpJkcQPvxQ2E1cjRNoxrsNZfFBETsnWN54e5fACzX9zyYl8KL"},
{"document_type":"856O","file_format":"X12","document_key":"8459a5da-5c5b-4af6-9d1b-a2c4305fb85d","encrypted_key":"RUWZQthMOad9dPH0ec6Kd8KUSk8/aooYS1rOtYKNxGqVjXKOZYZboGcwVJgdcbfnvjoq4Xq5kxA+jMFF4puLl6LRuk3EAEVHMXwa+qERZx7LHkH4iNsdjfMsboxTlG6s"},
{"document_type":"860I","file_format":"X12","document_key":"5f4600e1-1ae9-4b9c-8ca4-6f6e97b77b4e","encrypted_key":"gCixyF1qOvYoOfWxT741bWLYnI/IMngJ+5/CMP+GgtiVbui1MRA0W8EhNaHGROF0yMvzWNEkT1scIGrC1hiJbM6yFCVjKjwMxtTkuZbH6SuvsoDby+weVB5nYcC4+nmj"},
{"document_type":"860O","file_format":"X12","document_key":"aaa2e5c1-4d95-477d-a327-17a14bb8439e","encrypted_key":"BtpM1tGGbE7Ug1IuKo0un+6MFIdRP2acthnEEHazqy27lcyGhFLBI01xYkzQRRxNBMuuUvPMFrJOlXeID+VOElCzUx3yMcp7+ZaQh5yOGEqFJ/jjnGbBRk+E1gWxIRNQ"},
{"document_type":"862I","file_format":"X12","document_key":"06362889-452e-4d6a-8a2f-0aafd32c6a5d","encrypted_key":"BPnFIxQ3Qi9D61TmWEZ5teaLdrJArYVSf8Q2UT9ZM6FQqP94zuat5L7+hhdBIvZu90Txl29aZb5WOTCtYDlsXUJt65O/lbYQV9e2uybnZLp8oUsPGNWijdqdtuNWSzZi"},
{"document_type":"862O","file_format":"X12","document_key":"9b77716b-eba4-41dd-8c86-1a497b25da11","encrypted_key":"1GLNWH0VBNKizY473PvjmbM/LThkpv/4bevPqmtdG9hqY/XPmNoQnKFUumki/h//9cO81qByUfWhFZhAv3KY3snUCxYO+CvhFqMWNZ+l7wNpozK7G8hnSeREFeiEj+Ar"},
{"document_type":"865I","file_format":"X12","document_key":"be96357b-4cd1-4dcd-a11b-63365c96d918","encrypted_key":"f7USf4zcuWcEgjP9NZHDyE8MFJNClQ2FDI0t2BVILw8Kv2svJ7dkO7j2kKUrsh7MMNktPrj30p9NfX7PW6YNSlROxxB2pX3i5wmpMzoggIfgCxAsDjzCVCWS/hYpfZqH"},
{"document_type":"865O","file_format":"X12","document_key":"86d88292-2a5f-4028-9c9e-2c03dc5d591c","encrypted_key":"n3OpbEgESYq0uR0jWdBs12cpLerKnjX2UkAtWHtdDP6QrSLK306DtIo+hiNZ01YUnYWgADz3J8wSm8e8fZXbqv1Zr8lf6alRCY5u22jbwvaT6bpsAsxNR3cTwzuxv+UL"},
{"document_type":"870I","file_format":"X12","document_key":"9ce1fb61-e424-46e4-b933-01aac76dd9d1","encrypted_key":"P62cKU6n5hEckAWet4bHVeNV0usEESw3+3uj0kZ8LA9RcYYP9SqVIHkrfiU2HpsYI35f0SZ7GWZwWcgTfv8tiNlX4FzxrWL12DQkcN9CuKOlbIID+i9GNHPMMn7RuAXc"},
{"document_type":"870O","file_format":"X12","document_key":"feced16a-b148-4ff8-a4c9-bbd8055fbb5e","encrypted_key":"WutU14WkefaSRJN9lGak8+GqDf8yyIFvkNXXom8VyksqCyBTcalEekbzMSn6n0Hv8mzQnrFjQPQ1blh75p5m9cjbMaB9Mn55v06Cddq7WL3uPFkDLqKqexBHXRMQ7ki8"},
{"document_type":"940I","file_format":"X12","document_key":"d660ec50-597b-4478-bd0a-9afebb3fc7d7","encrypted_key":"UqGx5UHN1GWJuFWCR/7VF1oAk45nhz86S18iIYaL6ou4KyMdWHC/X1wwYnm4eINF5CI2M+ikTOQAu1/2ru7WP5Wr1p/ZcmTzQEY9TMuEg+TXPoMhHy331/uEVptj0RUE"},
{"document_type":"940O","file_format":"X12","document_key":"01d19517-8350-4be4-b443-8f72a9b216fb","encrypted_key":"lJH8KyZL1h3/4inAgh1rcYCYNM9z82O1+Xo9P7OsoZtBt/HmbzqGHv/W9W69TAsEPRPS6J6z1BuE2N0f4TcM5TMEtkfrcBWeq8WeAtQwG9gWKjs6rISoXOKGkNhyaR06"},
{"document_type":"943I","file_format":"X12","document_key":"3b533ae5-af18-4712-a72a-4c8a2c1a61a5","encrypted_key":"6NZvj1+RKsY++AkSFOa39r15GSrWMUFCSq7NOq+EPBc8aHqCTlVWP5jVufjQRs6QPivLrtiACusFQvIVQafpRtth0wKhlr96QBBY/xZiiE8raF5ZgPetOHO6gTBrFXkL"},
{"document_type":"943O","file_format":"X12","document_key":"d18253c9-36a3-4529-91f8-3fbf88951391","encrypted_key":"kuE2M2CBKQZpDj4ZFU4RHfqcS34DSl05FtbWBpGgNPQ+rg7Tu9ESX1j5dtJg0GMW4LZDB+UAzLUfv0EHJa946yrfmAC4Ov+01O+XsacvbGiPHujfKtbxjajaieEoW3SS"},
{"document_type":"944I","file_format":"X12","document_key":"06381d70-c89b-483c-96c7-c471194bf60e","encrypted_key":"twMdkX7Ud9sCsNV/nFLaxEKmTYdadMY09Ey2fbrNeQ8U921fAYEhqq9Itm5dJwlvD6Y0UBGE1yGCuZuzi6QI7Ub4qglk5QJ7W6aaWh//F6G7A3HU7l8UEIv8yt4w8e9C"},
{"document_type":"944O","file_format":"X12","document_key":"e563342b-26a9-4691-9ef0-82ab47fd1766","encrypted_key":"1b0mMM8FHO4auWW0mUvfIWT5JygFW4kMh2a/+y31V/+r+tSNENDV7kQ5BPTGoQkYWWd76kbTy2haygDnzcTqGojrEbi7nase25XOtcnjZoA1QG0Avf0y4+LcBfpCUk9u"},
{"document_type":"945I","file_format":"X12","document_key":"a6ba6ad9-02ce-47ff-83e5-5767a4ecfe3a","encrypted_key":"ST7F8WFz3bcQ6A9ta/Kqy4NBDRJF6UfZW2l71JTXjD706dJnfAq/iD7NB5wEV21VxwtjeCZqNOepdEZLYsI8h2CKYNOAg6dm9JawRbnfydEmMhNidruX6ghZcHeG7+1r"},
{"document_type":"945O","file_format":"X12","document_key":"057a7f0e-d747-4c5f-8a10-4c477298f4d3","encrypted_key":"6mK03fI2T7QJZ0v/ApQbRiYpNHPZVB7LD6PIQuYGgt4hM+F1Yq+OBw7VPrOMo2tK0WmpDchYBc4N804LxbbY48DdJg7GLRy+qCIkxhQxlZMVDOmtHPlW4h1wHQt6exwk"},
{"document_type":"753I","file_format":"EDIFACT","document_key":"d022bd84-850b-4e1e-a50b-e4dccc59b812","encrypted_key":"hG2bxppVUeeQvivOqPmGdZ2Yf8BB2Tt/RZBTNzGMybvPJSYgC9i84gBxg8tRwsid95Iq/3s20uKH7TbRW6ENqGer7lyxZy8eIfoq9pzKfb3l0bww0djooHUKaBRYaVX5"},
{"document_type":"753O","file_format":"EDIFACT","document_key":"061d8487-293a-4498-bde1-a038cce1dab4","encrypted_key":"tQAfRBNpdHKxfWI2kqxWK4LBPPPZfO1REnh9RvuvW1/I7LnOBQBJpea1S1eyX94qpEuxGdVcKkWm3zDZev49uAmycjQQ17s2LcvdtzVAjHwOSq+DkZoOeVfRzptpXSS5"},
{"document_type":"754I","file_format":"EDIFACT","document_key":"b81ee512-308c-4d04-af82-ede4d6f2e655","encrypted_key":"0OxGaKaNEihB48MZu/cLMWQgdpwfDYaUhvv4ssseBPJGsPcWJqA5vz8JMS5srhsqdBMeM+/dEyCusmEmKYj5RFtsbmhfE31q7qR6bsA8XWsGvuHd0e2D4QvQdWTHsLZg"},
{"document_type":"754O","file_format":"EDIFACT","document_key":"b1eb1a28-74f5-497a-8352-f02ad8be2340","encrypted_key":"1GAXFanIIUv7wdJMKQZY8AMcD1+C0yTo9+h2L6+drh/hAdPL9w3EATU4+J91PJMcDESuZg8Uuvzc1Y9YIHoOM7ixHnA/J051NLrj4jzmZRJ80hWykc9SL9SHmHuZJViS"},
{"document_type":"810I","file_format":"EDIFACT","document_key":"b62093aa-9416-45d2-8767-626957e56c71","encrypted_key":"x/tNSORYqGri5UpBT/jy3L5yRyb+NyKoiHrexxRz8DG3MNkFxKk3KTEZTbU5dSyotgToCRU6XkEvn/3dK/AsOya57tyMdVTIgvtqzp5sZDJZowCKzOj2AwTRlDZ79hTA"},
{"document_type":"810O","file_format":"EDIFACT","document_key":"41b4a44d-c375-45de-acb4-17887ceddaca","encrypted_key":"+aRZnJ2fH5B4kjVJW+H/HYSLtqZSMuey4MmE/EDf0OCqaBcf/FkZAwz86KVgkbavi5e+Hqx+c62qrVu0IipB1C9oqppbSkwEfekvzKEboFgH5TQn1dQg9gAukd6fCxMw"},
{"document_type":"820I","file_format":"EDIFACT","document_key":"f67399b7-5454-41c0-927a-30a6a53fb7e7","encrypted_key":"HO0FTbZi7l+M2Fi8BXrPlXhSOITk0e9R/KlVAVIV8da/0TMhRpB4P3OYhXMBGmuqEihm/BDJtCeOUB7SxFqiy05eQvFQDUU4BY0rirSW7TguUyTnZnFIF7vH6wkipR3x"},
{"document_type":"820O","file_format":"EDIFACT","document_key":"49d0f445-f220-4d66-a209-0f3a2c89188b","encrypted_key":"cgwS8YrRd/zENE8VD2hy24xC0utYIXw1qdf5KycXjXcVRJXlfYBj23qJ2+ycymIAmBSdBOcg9/I094mGfWLvgVer3ABnOu8UZQ3odTNwtn5d7D16/2B27J37BikwBQ9k"},
{"document_type":"830I","file_format":"EDIFACT","document_key":"ace897b6-dfee-46bc-b19c-cf87ad39e89d","encrypted_key":"pKwUik07WKKjCOk2UyU3LLCihX+RPKGZbOVySpUFFndHHlBLggxsqR6D2fv3BdsAV+eDldcz0YtuTlws+VU3oHdmXek3hC1vaRhy9Q2zedBr9uhWxX1i8GDAQ7FA/Hg+"},
{"document_type":"830O","file_format":"EDIFACT","document_key":"b593320c-c6ed-489b-b91c-648379924620","encrypted_key":"pHVlCkFQVUZqlXr+xG3oTDrlHW7IwAQxRiKkg+58kQFUrGMwnieB3cceJ1hjZwye8DlMvP2lCmjeQN2m5hxXVaAJ947VZBeBSA4M4wZCndkfXS+XjDJJl4FfH5aNst5R"},
{"document_type":"846I","file_format":"EDIFACT","document_key":"2878cbe8-135e-4852-966a-52da99cf03fa","encrypted_key":"iJ9Kc/Z6L/RkeOQCGgZyRkSGLjS64idZcPFyalrT/e/iqXtZEzIq0Z8YtGWsUc793wWK4qXdnuSZ/qwREY5rWN2k/dW6ivVOcQG+P3nUz7qOhPlYruC3/dYcnsXgbw23"},
{"document_type":"846O","file_format":"EDIFACT","document_key":"0705f61c-0704-4815-9dc8-5b0d9c75fa6c","encrypted_key":"nZbVIZ5zaxFlwp24+yGon7D0Kq41mzMaNKstvWsG7wCwquA5PJVNFgGE0evfLsSpAVOHDcn46Fk4BgJMZBWMuar0YRoLct8OkaHhKP0R2i3J+CRg2lHOcI2fdSZ+Zd6u"},
{"document_type":"850I","file_format":"EDIFACT","document_key":"f35d2bfc-85d9-417b-82d0-3168d4d14db8","encrypted_key":"PA+FVw6fL/sdBqHfqDD9Vo0hY4LllfReBeyXFszTtv+icdvMRVJ0Fj0hHJMo5cTpr5zh+GYtnfl7stx+zzsfHo8kINMONEx+ZouHxYjLx6t6BaLYh8q+qhQVN/6cdbLZ"},
{"document_type":"850O","file_format":"EDIFACT","document_key":"88d5c415-507b-473a-b5f1-b8dc0db8c9e9","encrypted_key":"6gSQoHUAE/eQZdmT6nuEZFEoK+gIKA8zVo1C9Nj8Qy8kE4arifWdE76TW8OM1rnTiikIZV6aRNBTqlDpay+3mh0Qw6OFc/kGGeTSE1s4vzaRsD20n/6H2oPXQy2jhjO2"},
{"document_type":"855I","file_format":"EDIFACT","document_key":"cc3cfbb0-22cb-49bb-8853-e24a2196ced5","encrypted_key":"6C7SG/sJzPw5zxy6cUJ/HGiJC3TDOipS14qWgwPTQWozsVlEanqdcD5yg0U9tEQqE8kWHiPa0jmt/C7QVEDPBSFrSfjPaUbvdWIMgeLF7GXCCB/4Qq61WD+u1wLFHbwQ"},
{"document_type":"855O","file_format":"EDIFACT","document_key":"ecc0495c-31d6-40ca-81d7-e34dc0f29a6b","encrypted_key":"EokKGTv8SXdxXvDBa4ZjuqSgXcCoiBK9ANYARn4vDCCq7lLox17rZgci1oAt/2LAtSiFpoJgP3h/SH3KHAxAWVEWUNUwYkKUwuKfTQ57On9Q8ECiiZHX10+jf3vgGzSm"},
{"document_type":"856I","file_format":"EDIFACT","document_key":"03787ac4-8803-48a6-b7c0-f142e7954616","encrypted_key":"s4gTzptS1bUioq6HdNz4BtxP94kyy0J4BJcC/sMWjXeGFpbmng6jNpiMQpmvQMC4N6SZ/qfM5Wcx0EK429Av8XOBCt5eSMLhIR4zjoffMy01LW5RVBIRM4PiDMmxx7pC"},
{"document_type":"856O","file_format":"EDIFACT","document_key":"303490c7-38bc-4096-84ca-048c2f4832b5","encrypted_key":"pi1OQdMt7WuGDgEnH+erZUB1icVYKv7V5r6HLuwnSOOWJRBHQV98ux3fMOQ6/BMsXa9e6HMThxRs00jtlFCNRFzr0tzP1D9fF7Y6QnO+n4sv+WsyBkiO5yR6wyDHWFqE"},
{"document_type":"860I","file_format":"EDIFACT","document_key":"c941d520-af42-49e9-bc2e-da020569d471","encrypted_key":"z8G+rGqsGl3j+SLRNGew0uKnuXEhuZA9bCCYC34EOGv0vQ+NPU7wdUkYu+tCXcYvftEnZnLhjNm2WUKOTbLeOk97GrvO1sv9OgkSH5NzJIu223ptHpoQHMOkbYh1HHTc"},
{"document_type":"860O","file_format":"EDIFACT","document_key":"fe9283eb-f8d2-4e2c-bf34-a2383b0d6604","encrypted_key":"zXM/p25SgWAYgHlPUcNHRzrrCSpYN2QnIwTUktMD6E4ZMbIzZzcuy9qjH9CWJ5P8hxn0SNrJDLiIblXPnTv24vfurQUcPIrSmDb+q0260kC70QG+v6FoDZmv8Gr3nMaS"},
{"document_type":"862I","file_format":"EDIFACT","document_key":"7193dd7f-2352-46ab-acd1-099b06af5b14","encrypted_key":"QXBLYt8amdMFTdGMp4A1GZno0IGo3ryiTcyZMwtZPNc8x4p7CkQu6UkLqZgxkUdnpnyiDd6vj2euvY/Y0Agdeg/PQuIPXiCEtMLW6spKedmzx9SDhM9IvhCfN47xoR7T"},
{"document_type":"862O","file_format":"EDIFACT","document_key":"5c02450f-4d84-4b46-88c4-b470e6844143","encrypted_key":"X2xPpsulliCFU9mK0ohrn+i/34wxlFckqcTgSPV6w3Ha7R0l+H+0jG/uTu2HchtyPTmn7q6l6YvL7mvbYtkQ7S9Hj5W0GpR5G+EwwGAWZIzishK0jqOdqUyzZIo46ely"},
{"document_type":"865I","file_format":"EDIFACT","document_key":"fb67296d-72ef-47fe-a016-82848177f375","encrypted_key":"x1VLosXVNtJKn6AweA8m3cTK0odj5Gs4Sp2sRLM9ne+SYTe2HBScNH+adDXcVJPNe+ApMI4E3QGkSDsrmuOX7LVEsfcEkH6tLERYWr9z81/HIrc9BWIdLD1TT7xO5Brw"},
{"document_type":"865O","file_format":"EDIFACT","document_key":"b93ff6ef-3fcb-4410-bc2a-13039f9accdc","encrypted_key":"saeWUtkbH/WR0RTOSZa717ouqQDro1D83uSEW9oUvJKJR76kk5BOkkaxpZesG12W7Jegybk4HOLZH5vHlHXi6XuDNOH8SWm7b9dFd0x16s7hKdMcSFCETE66v+AF4ra4"},
{"document_type":"870I","file_format":"EDIFACT","document_key":"67896a6f-174b-468e-bfea-6515314873a9","encrypted_key":"LfM5h2zVI2pYlXpgtgN+6gRNIciQwUoM7FUg8jqyJzbG6dpWWRe80Xmk1+lXTVMT40DBDxE+OD4gUyIwgRSLK9foeqp+Y9cQrZXdkNJftpugHz6y4THU2TLFkLO07/XV"},
{"document_type":"870O","file_format":"EDIFACT","document_key":"8662f05a-4915-40a5-87df-e88ceeb69b6d","encrypted_key":"EMFbnaLiLFPBQcrGG3siSSKFT7B+lDj4Y+EWu/97YAe3H4Wc2ex0yu4k38oF3PRDXGIbxN6iHUTDJ0TL0WiKQuPsTLX9s852YXbZjs6bHj8fO2O++C7p09snKNSkaJGc"},
{"document_type":"940I","file_format":"EDIFACT","document_key":"bdc4c796-c3a2-426f-9575-9c666000b2ff","encrypted_key":"ifaNV7B8BGRa+CDAjWTh7rWgcyQ6U7EbnWwmX6njpmPupuJqVwSsXAx1TZvgUbAaUriACCTL+esmh7mN0Va4PZwJ9dd0H9Iy/N2FuzWJtg40NQb8ltJ3C5ysmunZeCez"},
{"document_type":"940O","file_format":"EDIFACT","document_key":"a54d6e70-9e6a-4581-bb49-72adb9988915","encrypted_key":"YanwkvZZaVf4Pt/Nq5VwnOlSZkHyWtK4EnBDD0Gvsr2kuvcsrgpbnNOnQPp0IAEKc2tOyemmTaVJDSjT1yH7ifQR4yOnNZunJ4/cVBXzeQQqKqMRTGd3i9iTnvi0K6ll"},
{"document_type":"943I","file_format":"EDIFACT","document_key":"16acba1a-779d-4f68-baff-0ebf3354790b","encrypted_key":"c/NSlFiWG3+dmeSVx3/sfIQR+oxw+Sf5KgE0pqVG/Sz2el4hWLHpHcAn5i/xQs+/JbZZH/nUYTJAoNiBzFbAnNXG4z8/cflGrF34CLCPIdIvKWpGLpjWNw8MgAWbtzLJ"},
{"document_type":"943O","file_format":"EDIFACT","document_key":"c13c9338-4d7b-44e3-b2e9-7658285a1245","encrypted_key":"d9iLzD5uT6RpVa3B09p4o6h5Nregjw85rJP/JaXjhup3G4t1yD8070i9WmA6bUMNDO5aelZVn7BSp8uRTCBxlqYP/q9k++UOveXjj4NWiyo9BQt82sNYIHgSvBa3sg3X"},
{"document_type":"944I","file_format":"EDIFACT","document_key":"ff835d86-df9c-46d8-8a7d-b1ada2751ca2","encrypted_key":"Isf8t7VriQUHfrRfEOMfHRb2iam5J0+CME9jO6aijFcPqNQXImbxoUyJGzPuABk3PQwBybJx3HjXvBU8b/tno6b2pSk+ypICMC3T3Z0KTmjxei6xry2DFR7JmcA3b3yd"},
{"document_type":"944O","file_format":"EDIFACT","document_key":"5cd9dfc9-fcd5-4e1b-a998-0063a319520b","encrypted_key":"7i4140+3TM9+kfeZiRj5NPbkxmzrcz2IjfMftaDjyO3V+Nx4c1C8f1WqsF4ELWmGWFPrSMc5RCwIPC+c75NHuPJZHJIan45uJ2WnwQNSzTFrdkm3TVAEbe1EPLDMJ7jX"},
{"document_type":"945I","file_format":"EDIFACT","document_key":"47b30549-5862-4474-836d-eb0d361bdec0","encrypted_key":"yIL9saQswHz4f3IAErvLMfo550pGAI/kGbBhoq5Ymedcn56TAtZnsqDAq2oBohO1irFMV0qA9Q0gkR/6XXcfWwmSUA8fKV+Ia+7I0Quqxy6qHcZzSRXlivmXoEJYt7g4"},
{"document_type":"945O","file_format":"EDIFACT","document_key":"e7d5f766-7c35-4671-ac6b-030df82c7f40","encrypted_key":"lzF3CaE4l+1Izl+MUCdOG/4qJ9nbxD9Kbvq7i22lRS6u9t3p9uW6zmzqcomcqUnR5zkOjQNceJrNOvP4B5j/LtcHFkI85P2xOicaqs2gh1ctVrJzgFDhlr9N/E1WpLPF"},
{"document_type":"850I","file_format":"TRUECOMMERCE","document_key":"082d3043-3a6f-4785-b968-f0495844bae3","encrypted_key":"xERtzMDdqwUuOQCuiGVWs2icHeLJqEOjRuHMPpHFDA54MTJ9tOeZLIWivawwBuILlZYv6yrYv71vbc1BeRJzLmJphusv8dDG4eHrbgbHFZiS9fhOtO7NDwEENVlm4JEW"},
{"document_type":"855O","file_format":"TRUECOMMERCE","document_key":"5f9fdcb0-ad6b-40c5-80e3-b463c453de56","encrypted_key":"ox/YN+1rpAyUON+Tv7G34++frjmbgbX98yDY6yfLHZhkc23Jtroox11p1JUN4ja5/J196MHoAaM7pS+sbxASTBR3MhSMFV01+7eFRRLoFntG8/xsB7gnoA4JvF5yogbK"},
{"document_type":"856O","file_format":"TRUECOMMERCE","document_key":"bd7ed363-3887-4e75-bfce-508ac596de69","encrypted_key":"etamsfZWBHKy8X1btNs14aIpskQav7z0zNsWwAAAOE0+3OejOrgVWdJsVJH3kMQBABjXGVCDpszYUeyjpq2oP5+Npi4niIHMQBRPn1iu1JubXCcAUjkvdsUfH/4AXt1r"},
{"document_type":"810O","file_format":"TRUECOMMERCE","document_key":"caad75c2-821d-468f-9573-9ed365c37821","encrypted_key":"kERkUz1536LK0e+aE7p1I+c1Yz5KmEbpBQoIHj4oQnHzrQLEVpxW6cGaZdOK1YLA0xObVVrYHobLHAH1Uc4E5mcZB4KtW6XZRITMc5ABlSpZ6r30V1ZWhz1p56QHiU6s"}
]